,name,city,content,score,date
0,⎝丁凯乐⎠, ,"实名反对最赞说烂片的评论，这是人类无法逃脱的真香定律！
看完觉得不值票钱可以来快乐星球砍我！",力荐,2019-07-16
1,嘟嘟熊之父,北京,卧槽居然看哭了，这才是货真价实的国漫新希望，终于不再是假大空的中国风堆砌，而开始借神话寓言塑造真正的“小人物”。背负原罪的出身，命中注定的死期，对存在的笃定和身份的动摇，竟指向《刺客聂隐娘》的内核：一个人，没有同类。完整的世界观构建，父子母子师徒兄弟友敌，每一段关系都处理的有血有肉全无敷衍。美术剪辑配乐动作设计，处处都是亮点，就连喜剧部分也绝非装疯卖傻而存在无数细节作为支撑。海边夕阳踢毽和社稷图虚幻仙境两部分堪称绝美段落，飞驰想象力和一流制作实力的结合，值得一刷再刷。严格说是四星电影，但愿意加满五星狂推鼓励！,力荐,2019-07-13
2,天马星,北京,年度最佳动画，不，年度最佳影片，剧作上的成熟应该让同档期的《狮子王》跪下来叫爸爸，起承转合水到渠成且饱含情感力量，这种成熟度不管是在动画这种形式里还是脱离动画都值得所有国产商业电影学习。整部影片看下来，在形式上非常现代化，包括笑点台词都贴近现代网络化的生活，是谓形散，但是影片把握住了哪吒这个神话人物的内在精神：我命由我不由天，并且自始至终都贯彻下去，是谓神不散，包括反派敖丙及申公豹都人物弧光饱满，在非我族类其心必异的人类世界里，《哪吒之魔童降世》是为所有异类书写的颂歌，这部片子就如同蔡依林在金曲奖上说的：献给那些曾经认为自己没有任何机会与选择的你，请你一定要记得选择你自己，支持你自己。,力荐,2019-07-14
3,谢谢你们的鱼,北京,牛逼！牛逼！牛逼！4年前翻着白眼看完了《大圣归来》，4年后热泪盈眶地看完这部《哪吒之魔童降世》。没想到2019不仅仅是中国科幻大片元年，本片更是和《白蛇：缘起》一块儿创造了国产动漫作品前所未有的高潮。扎实的故事，生动的角色，饱满的情绪，炸裂的场面，这一切都构成了110分钟云霄飞车式的、畅快淋漓的观影体验，表面上是哪吒的传奇，骨子里面是《绝代双骄》+《悟空传》，毁天灭地的逆天气势更是燃破天际，好一曲震撼人心的“冰与火之歌”！都给老子去看！,力荐,2019-07-17
4,居无间,上海,牛逼了！没想到国产动画能把故事内核写得这么成熟，远超《大圣归来》。好几场戏被震撼到，必须五星鼓励了。将“水淹陈塘关”的故事元素打碎了重构，人设和剧情完全依照阴阳哲学来做。太极生两仪，混元珠分为魔丸（火）和灵珠（水）。太乙真人与申公豹，哪吒与敖丙，皆是一体双生。命运的偏离带来了秩序的倒错，于是，善与恶的边界变得越加复杂起来，耐人寻味。每个主要角色都带着宿命感，向死而生，阴阳相合打破命运。哪吒形象很颠覆，华语电影里也是难得一见，最重要的反叛精神立住了。导演想击打全龄观众，而那些嬉笑段落在关键时刻也催生出了悲情，让人泪目。高潮部分的场面戏够燃够磅礴，而且情绪饱满。以后再出国产动画，都将和它比较。,力荐,2019-07-13
5,影志,北京,“不成，功变成仁”、《神仙的自我修养》、“申公公”、内服外敷效果都一样的解药…前面快笑死；指点江山笔、英气的敖丙、猪鼻子倒带器…中间各种神来之笔；“人心的偏见是座大山，你是谁只有你自己才说了算”、父母面前的生离死别…结尾又被感动得一把老泪。老妈的性格更立体，老爸李靖对哪吒说你的真实身份其实是…时，生怕他说出个“蛋”，这是这部毫不正经却又硬气热血至死的片子能干出来的事。集丧逼和燃于一身，在哪吒面前，没人帅的起来！锁定今年最佳国产动画。,力荐,2019-07-14
6,使君子,浙江杭州,休说苍天不由人，我命由我不由天。新的故事，改编的很不错啊，就是有点短。友情提醒：观影记得带纸巾,力荐,2019-07-19
7,有心打扰,福建泉州,神话故事新编，以一种不令人悲伤的方式来讲述悲伤的哪吒童年。丰富多元充满想象力画面；包含幽默、热血、感人和人生观点的剧情；还有安排得当的叙事节奏，结尾处高潮更是一波接一波，让观众又是激动万分，又是感动落泪，实在令人佩服，这就是一部优秀的动画电影。,力荐,2019-07-14
8,阿德,北京,暑期档到目前为止最好看的一部。真正打动我的不是哪吒的人设，而是找回了久违的看港片喜剧的快感！,力荐,2019-07-19
9,Cycble,广东广州,"1、人心中的成见是一座大山，但我命由我不由天，是魔是仙，我是谁只有我自己说了算。

2、哪吒和熬丙的打斗，是魔丸和灵珠的左右互搏，更是善与恶的现身说法，人性本善本恶并不重要，重要的是你习得的教育是什么，你要成为什么样的人。

3、“今天是我的生日宴，你们谁都不准哭。”哭成狗了好吗。

4、东北天后夏岗丽本色出演的群演太好笑了，哈哈哈哈哈。

5、和“是他是他就是他”的小哪吒完全是两个故事了，不是毁三观，而是打开了封神榜新世界的大门，改编的太好了，这个夏天，绝对要爆爆爆啊。

6、想了好久这部电影的问题是什么，大概是改了哪咤自刎，割肉还母，削骨还父的悲剧内核。",力荐,2019-07-13
10,凹凸,上海,邓超救不起这暑期档，哪吒可以。,推荐,2019-07-18
11,深夜声噎,广东广州,火然，意思是要火的样子。比大圣厉害多了。冰与火。不虐(让再长大点再来虐吧，先美好童年先)，从头笑到彩蛋，踢毽子感人。丑萌喜欢。坐等好影院屏幕二刷。3D记得带上眼镜儿~火，火个小哪吒吧,力荐,2019-07-14
12,凌睿,重庆,"看到海报和预告片，人们第一反应就是：哪吒太丑了。
觉得丑就对了，因为本片讲的就是打破偏见。
正如很多人一看这是国漫，就不看了；或者去看了，看了觉得还不错也要自动先扣20分。
电影之中，骂哪吒是政治正确，只要你说哪吒是妖怪，就会有人跟着说；
电影之外，骂国产片、国漫也成了政治正确，只要你骂它，就会有人给你点赞。
其实哪吒不是妖怪，他也想降妖除魔洗清骂名；
国漫也不都是烂片，也有人想拍一部佳作证明自己。
比如这部《哪吒》。
山河社稷图一幕真是天马行空，震撼无比，将曾经只存在于想象中的物品具象化，也将中国神话的无穷想象力展现得淋漓尽致。
那些耳熟能详的故事，不再只是故事，而是能看到，能听到，能享受一场视觉盛宴。
今年有《哪吒》，明年有《姜子牙》，封神电影宇宙即将开启。
是时候以电影的形式让中国文化走向世界了。",推荐,2019-07-18
13,曼彻斯特的雪, ,"比白蛇缘起更成熟，国漫又进步了！！！又燃又有内核，打戏，画面，人物表情，人物性格的塑造和心理建设，都堪称完美。
“是魔是仙，我自己说了才算。”“我命由我不由天”
“若命运不公，就和它斗到底!”
天生倔强，打破成见，这，就是哪吒！",力荐,2019-07-20
14,亵渎电影,北京,技术上还是当下国产动画电影的水准，但在剧作的完成度上，却是第一次这么成熟，这么优秀！以前大圣大鱼或者白蛇这些剧本有先天缺陷的庸常之辈，都被称作是国产动画电影的良心之作，直到这部哪吒，才算是做到了剧本层面上的优秀，兼顾了喜剧元素和主题深度，还为之后的封神宇宙开了一个好头，大家以后可以忘掉大圣了。导演把哪吒的故事做了颠覆性的改编，逆天改命的主题在哪吒身上爆发了耀眼的人物弧光，最后哪吒直接对着电影院里的观众说，今天是我生日宴，你们谁都不准哭，这一刻的泪点实在是太可怕了。第一次给国产动画做自来水，在这个萧条的暑期档，这部肯定会是爆款。,推荐,2019-07-13
15,帕拉,广东广州,这种段子堆成的对白恕不是我的审美。,较差,2019-07-17
16,孤语独行, ,哪吒这个形象真的是毁童年，很多人都说这部代表着国漫崛起，请问此种好莱坞式的动漫能代表中国文化嘛？,很差,2019-07-16
17,阿珂,浙江杭州,这个夏天还有比“藕饼”cp更火的吗？,推荐,2019-07-19
18,刘小流,上海,看到顶着黑眼圈、要吃人肉的哪吒出来，感觉就全对了。 大家都知道颠覆好看，可多数颠覆改编问题在于，颠覆之后又要束手束脚，到最后干脆成了反颠覆。本片中成了魔童的哪吒，到最后同样没办法颠覆到底，但本片优秀在角色的转变遵循着最质朴的感情线——它是哪吒在人群中艰难的自我认知，也是哪吒父子的若即若离，它完全像极了多数父子关系模式中的对抗、理解与守护。 让哪吒只是想不怂地活出个人样，便也不用到最后对人群不会消散的偏见选择性装瞎，更不用去印证百姓值得守护。这气质，真不多见。,力荐,2019-07-13
19,徐若风,浙江杭州,客观上的确是目前国产三维动画中的最佳。和年初的《白蛇》一道，富足想象力之下的经典魔改，在人物、情节和视听呈现上都冲着一股劲。不夸张地说，这部作品在今年全球范围动画中比，都可以排到最前列。但还是有些遗憾，双生的概念没有做得更加复杂深刻、部分低俗笑料虽有趣但跳线。可能是我期待太高了。,推荐,2019-07-18
20,凹凸,上海,邓超救不起这暑期档，哪吒可以。,推荐,2019-07-18
21,深夜声噎,广东广州,火然，意思是要火的样子。比大圣厉害多了。冰与火。不虐(让再长大点再来虐吧，先美好童年先)，从头笑到彩蛋，踢毽子感人。丑萌喜欢。坐等好影院屏幕二刷。3D记得带上眼镜儿~火，火个小哪吒吧,力荐,2019-07-14
22,凌睿,重庆,"看到海报和预告片，人们第一反应就是：哪吒太丑了。
觉得丑就对了，因为本片讲的就是打破偏见。
正如很多人一看这是国漫，就不看了；或者去看了，看了觉得还不错也要自动先扣20分。
电影之中，骂哪吒是政治正确，只要你说哪吒是妖怪，就会有人跟着说；
电影之外，骂国产片、国漫也成了政治正确，只要你骂它，就会有人给你点赞。
其实哪吒不是妖怪，他也想降妖除魔洗清骂名；
国漫也不都是烂片，也有人想拍一部佳作证明自己。
比如这部《哪吒》。
山河社稷图一幕真是天马行空，震撼无比，将曾经只存在于想象中的物品具象化，也将中国神话的无穷想象力展现得淋漓尽致。
那些耳熟能详的故事，不再只是故事，而是能看到，能听到，能享受一场视觉盛宴。
今年有《哪吒》，明年有《姜子牙》，封神电影宇宙即将开启。
是时候以电影的形式让中国文化走向世界了。",推荐,2019-07-18
23,曼彻斯特的雪, ,"比白蛇缘起更成熟，国漫又进步了！！！又燃又有内核，打戏，画面，人物表情，人物性格的塑造和心理建设，都堪称完美。
“是魔是仙，我自己说了才算。”“我命由我不由天”
“若命运不公，就和它斗到底!”
天生倔强，打破成见，这，就是哪吒！",力荐,2019-07-20
24,亵渎电影,北京,技术上还是当下国产动画电影的水准，但在剧作的完成度上，却是第一次这么成熟，这么优秀！以前大圣大鱼或者白蛇这些剧本有先天缺陷的庸常之辈，都被称作是国产动画电影的良心之作，直到这部哪吒，才算是做到了剧本层面上的优秀，兼顾了喜剧元素和主题深度，还为之后的封神宇宙开了一个好头，大家以后可以忘掉大圣了。导演把哪吒的故事做了颠覆性的改编，逆天改命的主题在哪吒身上爆发了耀眼的人物弧光，最后哪吒直接对着电影院里的观众说，今天是我生日宴，你们谁都不准哭，这一刻的泪点实在是太可怕了。第一次给国产动画做自来水，在这个萧条的暑期档，这部肯定会是爆款。,推荐,2019-07-13
25,帕拉,广东广州,这种段子堆成的对白恕不是我的审美。,较差,2019-07-17
26,孤语独行, ,哪吒这个形象真的是毁童年，很多人都说这部代表着国漫崛起，请问此种好莱坞式的动漫能代表中国文化嘛？,很差,2019-07-16
27,阿珂,浙江杭州,这个夏天还有比“藕饼”cp更火的吗？,推荐,2019-07-19
28,刘小流,上海,看到顶着黑眼圈、要吃人肉的哪吒出来，感觉就全对了。 大家都知道颠覆好看，可多数颠覆改编问题在于，颠覆之后又要束手束脚，到最后干脆成了反颠覆。本片中成了魔童的哪吒，到最后同样没办法颠覆到底，但本片优秀在角色的转变遵循着最质朴的感情线——它是哪吒在人群中艰难的自我认知，也是哪吒父子的若即若离，它完全像极了多数父子关系模式中的对抗、理解与守护。 让哪吒只是想不怂地活出个人样，便也不用到最后对人群不会消散的偏见选择性装瞎，更不用去印证百姓值得守护。这气质，真不多见。,力荐,2019-07-13
29,徐若风,浙江杭州,客观上的确是目前国产三维动画中的最佳。和年初的《白蛇》一道，富足想象力之下的经典魔改，在人物、情节和视听呈现上都冲着一股劲。不夸张地说，这部作品在今年全球范围动画中比，都可以排到最前列。但还是有些遗憾，双生的概念没有做得更加复杂深刻、部分低俗笑料虽有趣但跳线。可能是我期待太高了。,推荐,2019-07-18
30,Die Katze,"Rānchi, India",老版可是提倡自由意志的。,很差,2019-07-20
31,蚂蚁没问题,"P&#39;yŏngyang, North Korea",各种方言、结巴、放屁、烧裤裆的梗，还有什么指纹解锁、游乐场之类的舔当代科技，所有笑点都能在半分钟之前预知，弱智当好笑。最不能接受的是把主题又变成什么“不信命”之类的俗套，那句泛中国地区最中二病没有之一的“我命由我不由天”出来的时候，我饭都要呕出来，本来我们已经很没有反抗父权的人物了，硕果仅存的哪吒也要变成这样，“削骨还父、割肉还母”完全没有，爹妈爱我，父慈子孝，让人忍不住竖中指，行吧，【父母皆祸害】小组关了，李靖也洗白白了，我服了还不行吗？我信命了好吧,较差,2019-07-19
32,字母君,湖南长沙,讽刺的是，尽管角色口口声声说着“做自己”、“我命由己不由天”、“最害人的是成见”，电影却依然一直在用对肥胖、结巴、娘娘腔等各色缺陷产生的成见制造无价值，且一点都不好笑的笑料。,还行,2019-07-14
33,承阿生,北京,以为是混世魔王，结果是缺爱小瘪三，坏又坏不起来，人设单薄。配音除了申公豹，没有一个不出戏的。剧情陈旧，梗又不好笑，觉得是一部不入格的跟风（网络这几年的痛点：留守儿童的父母之罪、校园bully致郁、社会judge成性）之作，最后我命由我不由天确定不是九几年穿越过来的idea？？？？观后感应了片尾曲其中一句“在期待后失望”。完全没有新意，敖丙的爹的细节值得赢取一颗星。但，影视书，讲究的是整体，而不是一个华丽的手。,很差,2019-07-19
34,明安,"Melbourne, Australia",“所有龙把鳞片扣下来的时候，我真的感觉敖丙压力太大了。”“我们全村可就指望你一个人去考大学了啊，一定要上清华啊。”“就算把其他报清华的人都杀掉你也一定要考上啊！”,推荐,2019-07-28
35,YiQiao,上海,这不叫难看这叫什么？剧情低幼主题无趣想法无聊笑点基本都是八百年前的 唯独制作不错 但一枝独秀有什么用 如果这片是国漫之光 那国漫也算病入膏肓了,较差,2019-07-17
36,时间之葬,北京,又一次高举“国产动画良心”的大旗之前，我好奇的是我们的“良心动画”为什么非得加入那些尴尬又低级的网络段子式笑料，难道非得把自己打扮成一半臃肿粗鄙一半热血激昂的割裂模样，才足以迎合主流观众的口味吗？,还行,2019-07-14
37,掉线,北京,【B】这才叫真正的国漫崛起！美术，制作，人物塑造，立意都比大圣归来更好。最重要的是你真的能感觉到创作者不故步自封的力求突破，也终于在国漫里看到了一直缺少的“想象力”存在（虽然只是在场景，物件设定上这些较为基础的部分，但未必不是个好的开始），缺点是整体风格略显杂糅，笑点像港式无厘头，战斗场面像日漫，有的地方又有仙侠和好莱坞动画的影子，但最后个效果居然不错，而且对于仍处于摸索阶段的国产动画来说这完全能理解。另外，一个动画片的父子情都比隔壁《银河补习班》更真实动人，邓超和俞白眉请出来挨打。,推荐,2019-07-18
38,二十二岛主,"<img src=""https://img3.doubanio.com/f/sns/d7ae4d4dbb848a408708f631fbd660e788c3c773/pics/sns/people/medal_kind1.png"" height=""20"" />",戏说不是胡说，改编不是乱编。把太乙真人设计成和肥猪作伴，哪吒和敖丙还能成为朋友，如果按照六老师的逻辑，这部电影的主创团队是要向本国人民谢罪的。但你不能否认它确实足够好看，而且并没有脱离《封神演义》中哪吒故事的框架，只是在几个重要的情节点上进行了富有现代意义和人情味的改编，很有创新颠覆精神。电影中几乎每一个角色都能够立得住，尤其是围绕哪吒的觉醒、亲情、友情都进行了合理且动人的铺垫，可以说这三条线每一条单独拎出来想做好都不容易，而做好了汇聚起来释放出的力量真的就是又感动又燃。本质还是想探讨人定胜天的问题，成佛成魔全在一念之间，最重要的还是做自己，这可比某些鸡汤说教的要容易接受的多。小包袱很多，但有的实在过于低俗，放屁梗熊gay梗那些让人看着实在不舒服，总体瑕不掩瑜，值得一个好成绩的鼓励。,推荐,2019-07-19
39,王大根,北京,"2019年，哪吒都成家庭教育成功典范了，就算你是魔童转世奔着毁天灭地来的，只要家里有钱有权有天命，妈妈爱你爸爸把命都给你，再顶级名师1V1封闭式教育，不愁养不出一个精英来。金吒木吒抱头痛哭：“这个家里没有我们的位置……”
敖丙是真可怜啊，背负了整个家族的不甘心，一人给片鳞好比读大学前村里每家每户给抓把小米，可走到城里，人家一看你头上的角就知道底细了。纵使哪天真能修炼成仙，身后还林林总总一大串亲戚呢，可敖丙能成仙吗？不被社会生吞活剥扒皮抽筋就不错了吧",还行,2019-07-20
40,Die Katze,"Rānchi, India",老版可是提倡自由意志的。,很差,2019-07-20
41,蚂蚁没问题,"P&#39;yŏngyang, North Korea",各种方言、结巴、放屁、烧裤裆的梗，还有什么指纹解锁、游乐场之类的舔当代科技，所有笑点都能在半分钟之前预知，弱智当好笑。最不能接受的是把主题又变成什么“不信命”之类的俗套，那句泛中国地区最中二病没有之一的“我命由我不由天”出来的时候，我饭都要呕出来，本来我们已经很没有反抗父权的人物了，硕果仅存的哪吒也要变成这样，“削骨还父、割肉还母”完全没有，爹妈爱我，父慈子孝，让人忍不住竖中指，行吧，【父母皆祸害】小组关了，李靖也洗白白了，我服了还不行吗？我信命了好吧,较差,2019-07-19
42,字母君,湖南长沙,讽刺的是，尽管角色口口声声说着“做自己”、“我命由己不由天”、“最害人的是成见”，电影却依然一直在用对肥胖、结巴、娘娘腔等各色缺陷产生的成见制造无价值，且一点都不好笑的笑料。,还行,2019-07-14
43,承阿生,北京,以为是混世魔王，结果是缺爱小瘪三，坏又坏不起来，人设单薄。配音除了申公豹，没有一个不出戏的。剧情陈旧，梗又不好笑，觉得是一部不入格的跟风（网络这几年的痛点：留守儿童的父母之罪、校园bully致郁、社会judge成性）之作，最后我命由我不由天确定不是九几年穿越过来的idea？？？？观后感应了片尾曲其中一句“在期待后失望”。完全没有新意，敖丙的爹的细节值得赢取一颗星。但，影视书，讲究的是整体，而不是一个华丽的手。,很差,2019-07-19
44,明安,"Melbourne, Australia",“所有龙把鳞片扣下来的时候，我真的感觉敖丙压力太大了。”“我们全村可就指望你一个人去考大学了啊，一定要上清华啊。”“就算把其他报清华的人都杀掉你也一定要考上啊！”,推荐,2019-07-28
45,YiQiao,上海,这不叫难看这叫什么？剧情低幼主题无趣想法无聊笑点基本都是八百年前的 唯独制作不错 但一枝独秀有什么用 如果这片是国漫之光 那国漫也算病入膏肓了,较差,2019-07-17
46,时间之葬,北京,又一次高举“国产动画良心”的大旗之前，我好奇的是我们的“良心动画”为什么非得加入那些尴尬又低级的网络段子式笑料，难道非得把自己打扮成一半臃肿粗鄙一半热血激昂的割裂模样，才足以迎合主流观众的口味吗？,还行,2019-07-14
47,掉线,北京,【B】这才叫真正的国漫崛起！美术，制作，人物塑造，立意都比大圣归来更好。最重要的是你真的能感觉到创作者不故步自封的力求突破，也终于在国漫里看到了一直缺少的“想象力”存在（虽然只是在场景，物件设定上这些较为基础的部分，但未必不是个好的开始），缺点是整体风格略显杂糅，笑点像港式无厘头，战斗场面像日漫，有的地方又有仙侠和好莱坞动画的影子，但最后个效果居然不错，而且对于仍处于摸索阶段的国产动画来说这完全能理解。另外，一个动画片的父子情都比隔壁《银河补习班》更真实动人，邓超和俞白眉请出来挨打。,推荐,2019-07-18
48,二十二岛主,"<img src=""https://img3.doubanio.com/f/sns/d7ae4d4dbb848a408708f631fbd660e788c3c773/pics/sns/people/medal_kind1.png"" height=""20"" />",戏说不是胡说，改编不是乱编。把太乙真人设计成和肥猪作伴，哪吒和敖丙还能成为朋友，如果按照六老师的逻辑，这部电影的主创团队是要向本国人民谢罪的。但你不能否认它确实足够好看，而且并没有脱离《封神演义》中哪吒故事的框架，只是在几个重要的情节点上进行了富有现代意义和人情味的改编，很有创新颠覆精神。电影中几乎每一个角色都能够立得住，尤其是围绕哪吒的觉醒、亲情、友情都进行了合理且动人的铺垫，可以说这三条线每一条单独拎出来想做好都不容易，而做好了汇聚起来释放出的力量真的就是又感动又燃。本质还是想探讨人定胜天的问题，成佛成魔全在一念之间，最重要的还是做自己，这可比某些鸡汤说教的要容易接受的多。小包袱很多，但有的实在过于低俗，放屁梗熊gay梗那些让人看着实在不舒服，总体瑕不掩瑜，值得一个好成绩的鼓励。,推荐,2019-07-19
49,王大根,北京,"2019年，哪吒都成家庭教育成功典范了，就算你是魔童转世奔着毁天灭地来的，只要家里有钱有权有天命，妈妈爱你爸爸把命都给你，再顶级名师1V1封闭式教育，不愁养不出一个精英来。金吒木吒抱头痛哭：“这个家里没有我们的位置……”
敖丙是真可怜啊，背负了整个家族的不甘心，一人给片鳞好比读大学前村里每家每户给抓把小米，可走到城里，人家一看你头上的角就知道底细了。纵使哪天真能修炼成仙，身后还林林总总一大串亲戚呢，可敖丙能成仙吗？不被社会生吞活剥扒皮抽筋就不错了吧",还行,2019-07-20
50,桃桃林林,"P&#39;yŏngyang, North Korea",7分，制作确实非常突出，尤其是夕阳下踢毽子和变身两场戏，印象深刻。这也说明，华语动画只要真是踏踏实实下来做苦功夫，还是能出佳作的。剧情相比老版做了很多革新，包括新增的父子情，这个见仁见智吧。主题则是神魔我做主，我命由我不由天的中二少年感，放到现在倒是挺燃的。哪吒变身之后也是大加分，跟敖丙的兄弟情也是相当新时代趣味了。希望每一部用心制作的华语动画，都能有好的成绩吧。不过，个人还是觉得大圣更好些，所以，刚刚还专门给大圣改了分，这样才公平些。都好都好，都加油，都加油!,推荐,2019-07-26
51,萨嘎摩多熊猫桑,关注此人,国产动画发展了这么多年，似乎是越来越不明白技术它就不是这个行当里最根本的东西，不明白作品里塞再多大而空的感情也无法真正打动人。古往今来反父权反愚孝的动画人物有几个？这么一个难能可贵的形象还给毁了，改得面目全非为什么还要继续叫哪吒？就是叫王小明也完全没问题。至于笑点，永远低俗而不自知，片里翻来覆去地嘲笑结巴、胖子和娘娘腔，有意思吗？做动画的各位是大人了都这样子，还指望我们的动画教出什么样的小孩？,较差,2019-07-21
52,荔枝超人,关注此人,第一，不觉得好笑；第二，配音出戏；第三，又一部银河补习班。讲完。你们骂吧。,还行,2019-07-17
53,LOOK,上海,远远不如小时候看的《哪吒闹海》来得撼人心魄。传统中国各类文本，动人的都是关于人伦的张力，哪吒是骨肉还给父母，修得至纯至净莲花身，本作改得不伦不类，不中不西，对抗个人命运很是大而无当。人物造型、笑料、桥段，迪士尼、香港无厘头、电脑游戏借用不少，意思却不大。迎合的心态永远弄不成一流的商业片。2.5,较差,2019-07-21
54,千秋指白头, ,不是做的不好，不是不用心.恰恰相反我一看到宣传的第二天就去观影了，本人对哪吒这个人物的感情区别于其他所有的动漫人物，我从小爱读封神演义，自诩为是看着神的故事长大的人，哪吒最重要象征着对父权挑战忤逆的精神在这部动画里面被阉割的干干净净；太乙真人，永远站在哪吒这边，无原则帮他对抗父母、原则、天庭，做好身后事的仙风道骨之人，被丑化成一个骑着猪、说着四川话的胖子（先说明我不歧视胖子，我自己就是胖子，但这里的太乙分明就是丑角）.如果说cp是哪吒和太乙，我愿意嗑，太乙之于哪吒，那比秦五爷对依萍还要好啊，要星星不给月亮，你只管干，出了事我给你兜；在这个电影里，他仿佛一个丑陋搞笑的班主任罢了……至于敖丙，呵呵，一个被哪吒随手打死的富二代有什么资格和他组cp？总的来说，对于本片，我并不失望，我只是愤怒.,很差,2019-07-21
55,法兰西胶片,北京,8.5分。逆天之作，大家可以给《大圣归来》改分了。,推荐,2019-07-13
56,三藏法师,辽宁沈阳,现在上映一部国产动画就是神作，个个都是神作,很差,2019-07-25
57,Kouros, ,李靖到底是为了什么做 揭穿敖丙身份 这样损人不利己的事？,还行,2019-07-19
58,姨妈的鸭,上海,一切都很好，但是哪吒，我想我看过更好的。,推荐,2019-07-20
59,卢舍那,福建福州,就…大家对国产未免也太宽容…,还行,2019-07-21
60,桃桃林林,"P&#39;yŏngyang, North Korea",7分，制作确实非常突出，尤其是夕阳下踢毽子和变身两场戏，印象深刻。这也说明，华语动画只要真是踏踏实实下来做苦功夫，还是能出佳作的。剧情相比老版做了很多革新，包括新增的父子情，这个见仁见智吧。主题则是神魔我做主，我命由我不由天的中二少年感，放到现在倒是挺燃的。哪吒变身之后也是大加分，跟敖丙的兄弟情也是相当新时代趣味了。希望每一部用心制作的华语动画，都能有好的成绩吧。不过，个人还是觉得大圣更好些，所以，刚刚还专门给大圣改了分，这样才公平些。都好都好，都加油，都加油!,推荐,2019-07-26
61,萨嘎摩多熊猫桑,关注此人,国产动画发展了这么多年，似乎是越来越不明白技术它就不是这个行当里最根本的东西，不明白作品里塞再多大而空的感情也无法真正打动人。古往今来反父权反愚孝的动画人物有几个？这么一个难能可贵的形象还给毁了，改得面目全非为什么还要继续叫哪吒？就是叫王小明也完全没问题。至于笑点，永远低俗而不自知，片里翻来覆去地嘲笑结巴、胖子和娘娘腔，有意思吗？做动画的各位是大人了都这样子，还指望我们的动画教出什么样的小孩？,较差,2019-07-21
62,荔枝超人,关注此人,第一，不觉得好笑；第二，配音出戏；第三，又一部银河补习班。讲完。你们骂吧。,还行,2019-07-17
63,LOOK,上海,远远不如小时候看的《哪吒闹海》来得撼人心魄。传统中国各类文本，动人的都是关于人伦的张力，哪吒是骨肉还给父母，修得至纯至净莲花身，本作改得不伦不类，不中不西，对抗个人命运很是大而无当。人物造型、笑料、桥段，迪士尼、香港无厘头、电脑游戏借用不少，意思却不大。迎合的心态永远弄不成一流的商业片。2.5,较差,2019-07-21
64,千秋指白头, ,不是做的不好，不是不用心.恰恰相反我一看到宣传的第二天就去观影了，本人对哪吒这个人物的感情区别于其他所有的动漫人物，我从小爱读封神演义，自诩为是看着神的故事长大的人，哪吒最重要象征着对父权挑战忤逆的精神在这部动画里面被阉割的干干净净；太乙真人，永远站在哪吒这边，无原则帮他对抗父母、原则、天庭，做好身后事的仙风道骨之人，被丑化成一个骑着猪、说着四川话的胖子（先说明我不歧视胖子，我自己就是胖子，但这里的太乙分明就是丑角）.如果说cp是哪吒和太乙，我愿意嗑，太乙之于哪吒，那比秦五爷对依萍还要好啊，要星星不给月亮，你只管干，出了事我给你兜；在这个电影里，他仿佛一个丑陋搞笑的班主任罢了……至于敖丙，呵呵，一个被哪吒随手打死的富二代有什么资格和他组cp？总的来说，对于本片，我并不失望，我只是愤怒.,很差,2019-07-21
65,法兰西胶片,北京,8.5分。逆天之作，大家可以给《大圣归来》改分了。,推荐,2019-07-13
66,三藏法师,辽宁沈阳,现在上映一部国产动画就是神作，个个都是神作,很差,2019-07-25
67,Kouros, ,李靖到底是为了什么做 揭穿敖丙身份 这样损人不利己的事？,还行,2019-07-19
68,姨妈的鸭,上海,一切都很好，但是哪吒，我想我看过更好的。,推荐,2019-07-20
69,卢舍那,福建福州,就…大家对国产未免也太宽容…,还行,2019-07-21
70,哪吒男,广东深圳,谢谢把我拍的这么好！,推荐,2019-07-19
71,theemo, ,还行，十五岁以下的可以看看。,较差,2019-07-18
72,一棵无聊的树, ,全程冷漠脸，我太讨厌熊孩子了，尤其是这么丑破坏力还这么强的。还有给小孩配不屑御姐音让我感到不适。,还行,2019-07-19
73,孔鲤,北京,点映看完了，不剧透地说，除了哪吒和他娘的人物关系外，这部电影把传统的哪吒故事里人物关系都改变了，哪吒和李靖、哪吒和太乙、哪吒和敖丙等等，因为有这些关系要重新做，所以这些人物的设定才和传统的不一样。整部电影本身严格按照商业片的形式，几个情感转折的节点都掐准了时间，不夸张地说，如果这个系列电影要做下去的话（还有之前的大圣、之后的姜子牙等），《大圣归来》和《魔童降世》在这个系列的地位相当于这个系列的《钢铁侠01》和《美国队长01》，但前提是一定要做下去。,推荐,2019-07-14
74,吃货乌贼娘, ,丑，魔童就得是丧尸脸吗。,较差,2019-07-19
75,frozenmoon,北京,人不过就是半神半魔的造物，这故事按照这个路子衍生。整体非常工整，技术让人赞叹，自《大圣归来》到《哪吒》，这条从中国神话拿改素材的动画之路被证明是最经济实惠的。这里面其实有着另外可以深化的内容，就是几个角色的象征，哪吒像个为民请命的知识分子，但被庸众看作妖怪，他的叛逆不被理解和尊重，龙王是个归顺的反叛者，但被招安并不代表被信任，他的下场故事里讲得很清楚，而敖丙是甩脱出身帽子的唯一机会，而最终，这个年轻人和哪吒那个反叛者合二为一成为一个被大众颔首的理中客。这到底是成熟还是悲哀呢？只不过这个方向肯定不会被明确提点。想想有点悲哀，动画片的形式让这类作品成为了我们电影中最可能表达一些别样内容的容器，但也因为形式，那些表达最终被掩埋在搞笑和特效之中。,推荐,2019-07-26
76,野蒜,北京,"偏低幼向，剧情含量比大圣归来要多，但观感没有超越大圣，顶多比肩白蛇。有些影评人拿它踩大圣，我？？？亮点在于重写了敖丙和哪吒的关系，正邪一体，反宿命论，龙宫和万鳞甲的设定我很喜欢。但为了故事革新，削肉还母削骨还父的经典场面没了，最后的终极大战也没有燃到新境界。人物台词融入一些现代化的笑点，确实更搞笑，但我出戏很多次，奇幻题材的沉浸感很重要。太乙真人从外形到配音都像pdd，哪吒的傲娇御姐音什么鬼。（炒cp可真好卖）

神话英雄在不同时代被不同创作者赋予不同的涵义，你以为它是骨，其实它是壳。 
朋友说“你不能否认魔童它很当下。” 所以大圣归来不讲大闹天宫，哪吒也不讲闹海自刎。 是时代的反骨逆鳞被拔除了，我们都是龙宫里的老龙。",还行,2019-07-17
77,Clio,北京,陈塘关的百姓跪谢哪吒的时候没有意识到，要是没哪吒和敖丙这俩小兔崽子，它陈塘关也万万不会遭此大劫……,还行,2019-07-21
78,非相君,广东揭阳,"一部神话片，笑点还靠屎尿屁来撑?可气的是我还笑了。经典的哪吒是一个反抗权威和父权的形象，这部把李靖塑造成一个有爱的父亲，于是一部俄狄浦斯式的神话变成一个友善的童话。
哪吒多会变化术，一些笑点是靠变化术制造，乾坤圈变成一个类似金箍的限制性法器，恭喜你们把哪吒变成第二个悟空。",还行,2019-07-18
79,摩羯座的猫,北京,没有哪吒的灵性，更像是红孩儿叛逆。我不喜欢段子的台词，我也不喜欢国漫强大的宣传。认真讲故事没做到，这就不是好的电影。包袱太多，实质太少。光线出品，一贯宣传手法。刷好的口碑，补贴首日票房。,很差,2019-07-19
80,哪吒男,广东深圳,谢谢把我拍的这么好！,推荐,2019-07-19
81,theemo, ,还行，十五岁以下的可以看看。,较差,2019-07-18
82,一棵无聊的树, ,全程冷漠脸，我太讨厌熊孩子了，尤其是这么丑破坏力还这么强的。还有给小孩配不屑御姐音让我感到不适。,还行,2019-07-19
83,孔鲤,北京,点映看完了，不剧透地说，除了哪吒和他娘的人物关系外，这部电影把传统的哪吒故事里人物关系都改变了，哪吒和李靖、哪吒和太乙、哪吒和敖丙等等，因为有这些关系要重新做，所以这些人物的设定才和传统的不一样。整部电影本身严格按照商业片的形式，几个情感转折的节点都掐准了时间，不夸张地说，如果这个系列电影要做下去的话（还有之前的大圣、之后的姜子牙等），《大圣归来》和《魔童降世》在这个系列的地位相当于这个系列的《钢铁侠01》和《美国队长01》，但前提是一定要做下去。,推荐,2019-07-14
84,吃货乌贼娘, ,丑，魔童就得是丧尸脸吗。,较差,2019-07-19
85,frozenmoon,北京,人不过就是半神半魔的造物，这故事按照这个路子衍生。整体非常工整，技术让人赞叹，自《大圣归来》到《哪吒》，这条从中国神话拿改素材的动画之路被证明是最经济实惠的。这里面其实有着另外可以深化的内容，就是几个角色的象征，哪吒像个为民请命的知识分子，但被庸众看作妖怪，他的叛逆不被理解和尊重，龙王是个归顺的反叛者，但被招安并不代表被信任，他的下场故事里讲得很清楚，而敖丙是甩脱出身帽子的唯一机会，而最终，这个年轻人和哪吒那个反叛者合二为一成为一个被大众颔首的理中客。这到底是成熟还是悲哀呢？只不过这个方向肯定不会被明确提点。想想有点悲哀，动画片的形式让这类作品成为了我们电影中最可能表达一些别样内容的容器，但也因为形式，那些表达最终被掩埋在搞笑和特效之中。,推荐,2019-07-26
86,野蒜,北京,"偏低幼向，剧情含量比大圣归来要多，但观感没有超越大圣，顶多比肩白蛇。有些影评人拿它踩大圣，我？？？亮点在于重写了敖丙和哪吒的关系，正邪一体，反宿命论，龙宫和万鳞甲的设定我很喜欢。但为了故事革新，削肉还母削骨还父的经典场面没了，最后的终极大战也没有燃到新境界。人物台词融入一些现代化的笑点，确实更搞笑，但我出戏很多次，奇幻题材的沉浸感很重要。太乙真人从外形到配音都像pdd，哪吒的傲娇御姐音什么鬼。（炒cp可真好卖）

神话英雄在不同时代被不同创作者赋予不同的涵义，你以为它是骨，其实它是壳。 
朋友说“你不能否认魔童它很当下。” 所以大圣归来不讲大闹天宫，哪吒也不讲闹海自刎。 是时代的反骨逆鳞被拔除了，我们都是龙宫里的老龙。",还行,2019-07-17
87,Clio,北京,陈塘关的百姓跪谢哪吒的时候没有意识到，要是没哪吒和敖丙这俩小兔崽子，它陈塘关也万万不会遭此大劫……,还行,2019-07-21
88,非相君,广东揭阳,"一部神话片，笑点还靠屎尿屁来撑?可气的是我还笑了。经典的哪吒是一个反抗权威和父权的形象，这部把李靖塑造成一个有爱的父亲，于是一部俄狄浦斯式的神话变成一个友善的童话。
哪吒多会变化术，一些笑点是靠变化术制造，乾坤圈变成一个类似金箍的限制性法器，恭喜你们把哪吒变成第二个悟空。",还行,2019-07-18
89,摩羯座的猫,北京,没有哪吒的灵性，更像是红孩儿叛逆。我不喜欢段子的台词，我也不喜欢国漫强大的宣传。认真讲故事没做到，这就不是好的电影。包袱太多，实质太少。光线出品，一贯宣传手法。刷好的口碑，补贴首日票房。,很差,2019-07-19
90,轻点蟹黄鱼有味, ,1.笑点太尬，尴尬的方言，尴尬的人物设定，尴尬的屎尿屁。2.故事内核老套，又是所谓的“逆天改命”，在孙悟空那里用得太多了，已经完全没感染力。3.强行煽情的时候更加尴尬，原版中的冤与报复的张力几乎没有了。4.这个哪吒的形象设计几乎是唯一的亮点，加上有些想象和画面特效不错，最多三分吧。,还行,2019-07-20
91,小时候可牛B了,广东深圳,专属中国的另类超级英雄吧，故事改编太大，我一般无法接受，我的原则是，这么喜欢改编，为什么不自己原创一个剧本，说到底还是剧本不够硬，想蹭别人的ip,较差,2019-07-19
92,张小北,北京,这是导演的动画长片处女作啊！,力荐,2019-07-28
93,木卫二,四川成都,承认期待不高，看得有些意外。我不是哪吒迷，而更接近封神迷——实为情怀的那种玩意，所以看到片方想要铺封神宇宙，无论成败，总归是有人在做这么一步，并且，这一步，作为起点是恰如其分的。不存在“哪吒就应该是代表/刻画什么精神”之类的说法，动画片也不是低幼倾向的文化产品。性格转变过快，密集迎合观众笑点之类的缺陷有不少，但来日可期，可以再打磨。,推荐,2019-07-23
94,方枪枪,上海,童年时期，最难忘的一个画面就是哪吒自刎！这么多年过去了，又看到了一个看起来丑爆丑爆的哪吒。故事在原作基础上做了颠覆性改编，面子上不必多说，里子中关于父爱的感动，自我认知的成长，世俗偏见的以及反叛意识，都值得称道。还有很多现代化元素的融合也别有趣味！自来水安利，去看就对了…,推荐,2019-07-13
95,乌鸦火堂,北京,这才是暑期电影应该有的样子，不闹海的哪吒，是文本与技术双成熟的华语动画。故事流畅、角色生动，虽然魔改，但整体路线还是以脍炙人口的大闹陈塘关故事为基础，且更符合当下文化价值。观感体验与大圣归来很像，笑料与热血并举。设定方面除了哪吒三件套外，山河社稷图、混元珠等设定都是源自封神的噱头，也有小云云、结界兄弟等可爱的原创角色。只可惜结尾大战意犹未尽，不算过瘾。至于画面嘛，制作水平早就不是华语动画的掣肘了，这部更是有着美观造型和时髦特效的视觉大餐,推荐,2019-07-19
96,大島,"Nara, Japan",一出生就有黑眼圈的孩子肯定不简单,推荐,2019-07-29
97,danyboy,北京,刨去了哪吒自杀还父的情节，就抽去了哪吒故事的灵魂。我只能说，这是另一个故事，我只能说这个新的关于青春期的故事讲的不错，舞美、画工、形象设计都好。但，这是一部拍给80后的电影，为人父母的80后很爱看吧；养过利维坦式宝宝的80后很爱看吧；熟悉周星驰式喜剧的80后很爱看吧；把自己代入到李靖夫妇而非哪吒和敖丙的80后们很爱看吧。你们一定很爱看，因为你们已经不再是曾经那个哪吒，而是守着工资的总兵咯。一言以蔽之，这不是哪吒的故事，但不妨碍是另一个讲的还算不错的故事。片尾曲的歌也不错。值得票价，就是我全程到目前都醉着。,推荐,2019-07-28
98,LORENZO 洛伦佐,"Amsterdam, Netherlands",几个小缺点：娘炮那个梗用得有点太多了后面就烦了，结尾大战有些拖沓，段子堆得有些太密集了导致最后情绪有点破碎。其他都很好，比［大圣］好，可能是这几年最好的国产动画，李靖太可以了吧。,推荐,2019-07-27
99,地平线的旧火车, ,国产动画区真是最分裂的一个区，很多人一边叫着动漫不是低幼作品一边为片子里的低幼笑话鼓掌……哪咤这个形象看你想怎么塑造，是反抗封建礼教的悲剧英雄，还是奉行封建礼教才能带来好果的教材？导演看来选了后者,较差,2019-07-21
100,轻点蟹黄鱼有味, ,1.笑点太尬，尴尬的方言，尴尬的人物设定，尴尬的屎尿屁。2.故事内核老套，又是所谓的“逆天改命”，在孙悟空那里用得太多了，已经完全没感染力。3.强行煽情的时候更加尴尬，原版中的冤与报复的张力几乎没有了。4.这个哪吒的形象设计几乎是唯一的亮点，加上有些想象和画面特效不错，最多三分吧。,还行,2019-07-20
101,小时候可牛B了,广东深圳,专属中国的另类超级英雄吧，故事改编太大，我一般无法接受，我的原则是，这么喜欢改编，为什么不自己原创一个剧本，说到底还是剧本不够硬，想蹭别人的ip,较差,2019-07-19
102,张小北,北京,这是导演的动画长片处女作啊！,力荐,2019-07-28
103,木卫二,四川成都,承认期待不高，看得有些意外。我不是哪吒迷，而更接近封神迷——实为情怀的那种玩意，所以看到片方想要铺封神宇宙，无论成败，总归是有人在做这么一步，并且，这一步，作为起点是恰如其分的。不存在“哪吒就应该是代表/刻画什么精神”之类的说法，动画片也不是低幼倾向的文化产品。性格转变过快，密集迎合观众笑点之类的缺陷有不少，但来日可期，可以再打磨。,推荐,2019-07-23
104,方枪枪,上海,童年时期，最难忘的一个画面就是哪吒自刎！这么多年过去了，又看到了一个看起来丑爆丑爆的哪吒。故事在原作基础上做了颠覆性改编，面子上不必多说，里子中关于父爱的感动，自我认知的成长，世俗偏见的以及反叛意识，都值得称道。还有很多现代化元素的融合也别有趣味！自来水安利，去看就对了…,推荐,2019-07-13
105,乌鸦火堂,北京,这才是暑期电影应该有的样子，不闹海的哪吒，是文本与技术双成熟的华语动画。故事流畅、角色生动，虽然魔改，但整体路线还是以脍炙人口的大闹陈塘关故事为基础，且更符合当下文化价值。观感体验与大圣归来很像，笑料与热血并举。设定方面除了哪吒三件套外，山河社稷图、混元珠等设定都是源自封神的噱头，也有小云云、结界兄弟等可爱的原创角色。只可惜结尾大战意犹未尽，不算过瘾。至于画面嘛，制作水平早就不是华语动画的掣肘了，这部更是有着美观造型和时髦特效的视觉大餐,推荐,2019-07-19
106,大島,"Nara, Japan",一出生就有黑眼圈的孩子肯定不简单,推荐,2019-07-29
107,danyboy,北京,刨去了哪吒自杀还父的情节，就抽去了哪吒故事的灵魂。我只能说，这是另一个故事，我只能说这个新的关于青春期的故事讲的不错，舞美、画工、形象设计都好。但，这是一部拍给80后的电影，为人父母的80后很爱看吧；养过利维坦式宝宝的80后很爱看吧；熟悉周星驰式喜剧的80后很爱看吧；把自己代入到李靖夫妇而非哪吒和敖丙的80后们很爱看吧。你们一定很爱看，因为你们已经不再是曾经那个哪吒，而是守着工资的总兵咯。一言以蔽之，这不是哪吒的故事，但不妨碍是另一个讲的还算不错的故事。片尾曲的歌也不错。值得票价，就是我全程到目前都醉着。,推荐,2019-07-28
108,LORENZO 洛伦佐,"Amsterdam, Netherlands",几个小缺点：娘炮那个梗用得有点太多了后面就烦了，结尾大战有些拖沓，段子堆得有些太密集了导致最后情绪有点破碎。其他都很好，比［大圣］好，可能是这几年最好的国产动画，李靖太可以了吧。,推荐,2019-07-27
109,地平线的旧火车, ,国产动画区真是最分裂的一个区，很多人一边叫着动漫不是低幼作品一边为片子里的低幼笑话鼓掌……哪咤这个形象看你想怎么塑造，是反抗封建礼教的悲剧英雄，还是奉行封建礼教才能带来好果的教材？导演看来选了后者,较差,2019-07-21
110,五色全味,北京,很主流的商業動畫，把反抗父權忤逆到驚世駭俗的哪吒形象用父子情、友情、追求自我這些主流主題消解了（反抗父權變成了父子情深實在是⋯），配合煽情、打鬥、奇觀場面、喜劇段子，非常通俗，沒什麼深度（至少喪失了「哪吒」這個角色本應有的深度），但製作和娛樂性都不錯，應該會大賣。,还行,2019-07-14
111,南悠一,北京,国产动画两大负面特征，“台词特别会喊口号，一句深刻的也没有；噪音杂乱但视觉中心喜欢偏移。”至于这一部的问题还有，笑点让人出戏，改编尤其乏力，动机不够清晰，情节带水拖泥。中国人一般不相信人的行为和立场之间会有必然关系，当他们设计人物行为时，并不会去考虑人物立场是否一致。当他们看电影时，同样也不会从影像本身判断创作动机。,还行,2019-07-24
112,初悴, ,"感觉无论从美术还是配乐都和白蛇缘起与大鱼海棠差远了 
那个太乙真人肥头猪脑还一股子方言味儿
结局还是经典的中国式动漫强行大团圆结局
故事情节不算差 但表现的真的很低龄化
很多人吹 说它是目前国漫的巅峰 我觉得太过了太过了 不配 真的",较差,2019-07-19
113,曼仔,北京,看完心情有点复杂，只能说是雷点萌点兼具吧，不是我喜欢的那一款，但能看出来质感很好。好的地方当然是制作，确实是国漫标杆，甚至叙事部分也不差，是比较娴熟的类型片叙事。但我最不满意的地方恰恰就是很多人觉得燃的地方，这个片子里的哪吒和传统的“哪吒闹海”最大的区别就是，不再有那种六亲不认的反叛性了，而这恰恰是我觉得哪吒这个角色最吸引我的地方，是对父权最为彻底、最为决绝的反抗，甚至比石头里蹦出来的孙悟空还要六亲不认，是以自己的血肉之躯为代价获得彻底的自由，挣脱一切爱与伦理的锁链。但新版哪吒所谓的“我命由我不由天”完全是另一个故事，是网文式的逆天改命，好好活，不抛弃，不放弃，做有意义的事。。原版哪吒是野生摇滚，新版哪吒是摇滚人参加中国摇滚三十年研讨会。,还行,2019-07-27
114,吉尔伽美什, ,"说烂片预订那大叔，动漫非得拍给小孩看？你不接受设定别代表大家，还有哪吒啥货色但绝不是你想的那种设定，好好多读书，再回去好好琢磨下封神。
观后:吹爆这片，今年最佳国漫。",力荐,2019-07-19
115,寒枝雀静,上海,C＋/ ①相比被盛赞的剧本，反倒是视觉形象的建构比较出乎我意料：莲-火-毽子（鳞片）-红莲的意象联结贯穿了全片，自细微琐屑至宏大奇观完成了完整回环而又颇具想象力的体系。②剧本其实有点过于依赖“孩童”人设，一方面助益了影片暗黑而又诙谐的混搭基调，另一方面也遮蔽了部分剧作上的仓促甚至让人物的成长显得不够充分（比如，“控制”的习得只是如此简单的事情吗？）。③导演对叙事时间的理解可能有些粗糙，连高潮戏一条线到一半时间停顿切到另一条线这样破坏节奏的小瑕疵都好几处。④至于大量不合时宜的笑料，让它们融入叙事的办法只有一个，就是添加让这些“异类”同样受到压抑的细节，而不是大大落落地丢包袱。,推荐,2019-07-18
116,欢乐分裂,上海,3.5；较多低幼欢脱段子集合的表象并不能掩盖其悲剧的本质，越往后越动人，在改编原著的基础上，文本大刀阔斧地改变走向，奉献了一个在（国产）动画中难得一见具有邪气的魅力角色（取下乾坤圈，变身一刻堪称全片高光，碾压帅气敖丙）。善与恶，水与火，在充满偏见定论的二元世界，这两个承载了命运错弄的少年，最终以“我不信命”的信念发出天问，完满开启「封神」宇宙，十分期待了。申公豹和龙族的命运也非常具有意味深长的寓意，并为丰富主题的完成提供富含信息量的支线提供。,推荐,2019-07-19
117,荞麦,关注此人,挺好看的。除了不是哪吒之外。,还行,2019-07-26
118,西帕克,上海,哪吒的削骨还父，削肉还母，被简化成父爱让他找到自我。原本故事中的反抗父权，也成了对抗世人的眼光。他的魔性可能像是科学怪人把小女孩扔入水中，只是因为对事物认知的体系不同。甚至屠龙的原罪也被略过，成了又一部“绝代双骄”。这样的叛逆更加通俗也更加安全，也是另一种时代精神吧。,推荐,2019-07-17
119,胤祥,北京,网游感还是很强，不过还是能看的；整体而言哪吒的故事被包裹在一个破坏性巨大的熊孩子叙事里面，同时又有着让人不太舒服的血统论和对规训性力量的崇拜（父之名父之法真的好重要啊啊啊），所以这个故事讲的是哪吒还是猴哥啊……；另一方面看最近十年的超级英雄电影真的起到了很大的示范性作用，中国故事的想象力也因此被封闭了。这么来看今何在的《悟空传》的意义其实是被低估了……比起这个来可能还是[大鱼海棠]更解决问题……,还行,2019-07-28
120,乌鸦火堂,北京,这才是暑期电影应该有的样子，不闹海的哪吒，是文本与技术双成熟的华语动画。故事流畅、角色生动，虽然魔改，但整体路线还是以脍炙人口的大闹陈塘关故事为基础，且更符合当下文化价值。观感体验与大圣归来很像，笑料与热血并举。设定方面除了哪吒三件套外，山河社稷图、混元珠等设定都是源自封神的噱头，也有小云云、结界兄弟等可爱的原创角色。只可惜结尾大战意犹未尽，不算过瘾。至于画面嘛，制作水平早就不是华语动画的掣肘了，这部更是有着美观造型和时髦特效的视觉大餐,推荐,2019-07-19
121,路西法尔,北京,一个典型的伪古典主义故事，正适合真正古典已经死去的时代：所谓正义不过是天庭把持的一套话语，而实际上已经没有人再信仰天庭的至高权威，龙族对天庭政策已腹诽千年，哪吒的悲剧完全源于一个失败的预言和一连串僵化的行政命令，但没有人试图修正体制，所有人都在帮助天庭秩序自动化运行然后试图偷偷挖点墙角。剧中的角色除了一个小朋友，几乎没有任何人能向他人打开边界。这种片受到时代的欢迎，正所谓“斯人有斯疾也”。,较差,2019-07-27
122,荞麦,关注此人,挺好看的。除了不是哪吒之外。,还行,2019-07-26
123,蛾儿雪柳黄金缕,北京,"这个设定一看就是抄的《好兆头》。预告图片中有一张让小哪吒拉开对方裤子拿手电筒照成年男人的隐私部位，这不是恋童癖？这一部国产动画太吓人了。宣扬形而下的三观，还买榜买推荐。呵呵。“好兆头今年5月30号上映，抄袭好兆头？”有小朋友给我发私信抗议。解释一下。好兆头他妈的有原作 Good Omens
 Good Omens 作者: Terry Pratchett / Neil Gaiman 
出版社: TRANSWORLD
出版年: 1991-5
页数: 416
定价: 95.00元
装帧: Paperback
ISBN: 9780552137034",很差,2019-07-21
124,大島,"Nara, Japan",一出生就有黑眼圈的孩子肯定不简单,推荐,2019-07-29
125,胤祥,北京,网游感还是很强，不过还是能看的；整体而言哪吒的故事被包裹在一个破坏性巨大的熊孩子叙事里面，同时又有着让人不太舒服的血统论和对规训性力量的崇拜（父之名父之法真的好重要啊啊啊），所以这个故事讲的是哪吒还是猴哥啊……；另一方面看最近十年的超级英雄电影真的起到了很大的示范性作用，中国故事的想象力也因此被封闭了。这么来看今何在的《悟空传》的意义其实是被低估了……比起这个来可能还是[大鱼海棠]更解决问题……,还行,2019-07-28
126,四万八千岁🌈,广东深圳,配音好出戏，反正看20分钟就不想看了,较差,2019-07-19
127,刘小流,上海,看到顶着黑眼圈、要吃人肉的哪吒出来，感觉就全对了。 大家都知道颠覆好看，可多数颠覆改编问题在于，颠覆之后又要束手束脚，到最后干脆成了反颠覆。本片中成了魔童的哪吒，到最后同样没办法颠覆到底，但本片优秀在角色的转变遵循着最质朴的感情线——它是哪吒在人群中艰难的自我认知，也是哪吒父子的若即若离，它完全像极了多数父子关系模式中的对抗、理解与守护。 让哪吒只是想不怂地活出个人样，便也不用到最后对人群不会消散的偏见选择性装瞎，更不用去印证百姓值得守护。这气质，真不多见。,力荐,2019-07-13
128,风间隼,北京,应该叫《哪吒之真·巨婴传》，中二没毛病，自恋到油腻的程度，就不好玩了。,较差,2019-07-29
129,张小北,北京,这是导演的动画长片处女作啊！,力荐,2019-07-28
130,danyboy,北京,刨去了哪吒自杀还父的情节，就抽去了哪吒故事的灵魂。我只能说，这是另一个故事，我只能说这个新的关于青春期的故事讲的不错，舞美、画工、形象设计都好。但，这是一部拍给80后的电影，为人父母的80后很爱看吧；养过利维坦式宝宝的80后很爱看吧；熟悉周星驰式喜剧的80后很爱看吧；把自己代入到李靖夫妇而非哪吒和敖丙的80后们很爱看吧。你们一定很爱看，因为你们已经不再是曾经那个哪吒，而是守着工资的总兵咯。一言以蔽之，这不是哪吒的故事，但不妨碍是另一个讲的还算不错的故事。片尾曲的歌也不错。值得票价，就是我全程到目前都醉着。,推荐,2019-07-28
131,LORENZO 洛伦佐,"Amsterdam, Netherlands",几个小缺点：娘炮那个梗用得有点太多了后面就烦了，结尾大战有些拖沓，段子堆得有些太密集了导致最后情绪有点破碎。其他都很好，比［大圣］好，可能是这几年最好的国产动画，李靖太可以了吧。,推荐,2019-07-27
132,花盆, ,"大型神话人物同人电影。没有了“削肉还父，剔骨还母”的情节，哪吒这个人物形象的精神内核就没有了。他本身可以算是一个悲剧形象，承载了对父权社会的反抗，改后只保有对他人偏见的反抗，而且哪吒悲壮赴死本来是“虽然你们都讨厌我但我一人做事一人当不拖累你们”，现在成了“我爸原来这么爱我我不能让他替我死”，中二倔强少年成了良心发现的孝顺儿子，还算是哪吒吗？

整体完成效果比较好，结尾有些烂尾（比如村民怎么突然就意识到自己的错误了）。最让我意难平的是大圣归来后我等了三年，结果等来的还是一个“大圣”。",还行,2019-07-20
133,寒枝雀静,上海,C＋/ ①相比被盛赞的剧本，反倒是视觉形象的建构比较出乎我意料：莲-火-毽子（鳞片）-红莲的意象联结贯穿了全片，自细微琐屑至宏大奇观完成了完整回环而又颇具想象力的体系。②剧本其实有点过于依赖“孩童”人设，一方面助益了影片暗黑而又诙谐的混搭基调，另一方面也遮蔽了部分剧作上的仓促甚至让人物的成长显得不够充分（比如，“控制”的习得只是如此简单的事情吗？）。③导演对叙事时间的理解可能有些粗糙，连高潮戏一条线到一半时间停顿切到另一条线这样破坏节奏的小瑕疵都好几处。④至于大量不合时宜的笑料，让它们融入叙事的办法只有一个，就是添加让这些“异类”同样受到压抑的细节，而不是大大落落地丢包袱。,推荐,2019-07-18
134,Paco,北京,3.5。真纯粹。虽然文本完全不是想象中的高级向，但“不认命”这个基本点在情绪释放上真是合理又张扬，放低一秒防线眼眶就红了。技术上丰富度、流畅度双高，也基本跟得上想象力，但质感依旧有欠；剧本前松后紧，在节奏和笑点设置上都有刻意之处，但整体已相当圆熟，多主题驾驭得当，去二元化也成效显著，对神话元素更深入更有机的结合野心已然初俱，完全超越《大圣归来》没任何疑问。作为后起，如果能把投机又扭捏的《银河补习班》狠狠爆掉，那也算这个暑期档唯一能给的安慰了。,还行,2019-07-18
135,欢乐分裂,上海,3.5；较多低幼欢脱段子集合的表象并不能掩盖其悲剧的本质，越往后越动人，在改编原著的基础上，文本大刀阔斧地改变走向，奉献了一个在（国产）动画中难得一见具有邪气的魅力角色（取下乾坤圈，变身一刻堪称全片高光，碾压帅气敖丙）。善与恶，水与火，在充满偏见定论的二元世界，这两个承载了命运错弄的少年，最终以“我不信命”的信念发出天问，完满开启「封神」宇宙，十分期待了。申公豹和龙族的命运也非常具有意味深长的寓意，并为丰富主题的完成提供富含信息量的支线提供。,推荐,2019-07-19
136,西帕克,上海,哪吒的削骨还父，削肉还母，被简化成父爱让他找到自我。原本故事中的反抗父权，也成了对抗世人的眼光。他的魔性可能像是科学怪人把小女孩扔入水中，只是因为对事物认知的体系不同。甚至屠龙的原罪也被略过，成了又一部“绝代双骄”。这样的叛逆更加通俗也更加安全，也是另一种时代精神吧。,推荐,2019-07-17
137,后自愈,北京,中国动画缺的不是技术，是故事，和讲好故事的能力。在故事的完成度之余，还有一定的深度。最难能可贵的是，哪吒是个反传统的英雄，他天生反骨叛逆又肩负重任，他是不被认同的异类，在戏谑的打发愁苦之后，迎来最终的爆发，切切实实的感动。李靖也一直教育儿子哪吒，不要在意他人的眼光，要做自己想做的人，不要轻言放弃，包括在生日宴上对儿子说的一番话，一个不善言辞却一直包容理解儿子的父亲形象就油然而生了。要说教育和父子情，吊打隔壁《银河补习班》。,推荐,2019-07-18
138,DR邬梦雨,上海,"前半段略无聊的笑点太用力咯吱观众，远逊于后半段哪吒天生悲情的催泪作用让人触动
人物设计上主要人物还算有趣，但次要角色非常呆板
配乐有各种影子，特别是《终结者》
表演程式化，哪吒从咬母亲的手到温顺的变化，对比《风之谷》小动物咬伤娜乌西卡的段落差距巨大
小朋友设陷阱和回放段落重复动作显得乏味；影片过度迷恋动作戏，想靠密集的快速打斗提高影片节奏，反而将情节停滞。
对愚民的讽刺一开始似乎很有意思，但后面百姓接受哪吒的场景太一致没有任何迟疑，让歉意显得虚假也把前面对庸众的批判消解了。
但总的来说，本片是一部合格的娱乐爆米花电影。只是79年的哪吒闹海可不只是这么简单的作品，那是对十年浩劫的控诉，哪吒替天行道粉碎四条兴风作浪的龙，却还要自刎将血肉还给父辈，不连累父辈。那种大时代的悲剧能量，是核弹级的。",还行,2019-07-14
139,吉尔伽美什, ,"说烂片预订那大叔，动漫非得拍给小孩看？你不接受设定别代表大家，还有哪吒啥货色但绝不是你想的那种设定，好好多读书，再回去好好琢磨下封神。
观后:吹爆这片，今年最佳国漫。",力荐,2019-07-19
140,danyboy,北京,刨去了哪吒自杀还父的情节，就抽去了哪吒故事的灵魂。我只能说，这是另一个故事，我只能说这个新的关于青春期的故事讲的不错，舞美、画工、形象设计都好。但，这是一部拍给80后的电影，为人父母的80后很爱看吧；养过利维坦式宝宝的80后很爱看吧；熟悉周星驰式喜剧的80后很爱看吧；把自己代入到李靖夫妇而非哪吒和敖丙的80后们很爱看吧。你们一定很爱看，因为你们已经不再是曾经那个哪吒，而是守着工资的总兵咯。一言以蔽之，这不是哪吒的故事，但不妨碍是另一个讲的还算不错的故事。片尾曲的歌也不错。值得票价，就是我全程到目前都醉着。,推荐,2019-07-28
141,LORENZO 洛伦佐,"Amsterdam, Netherlands",几个小缺点：娘炮那个梗用得有点太多了后面就烦了，结尾大战有些拖沓，段子堆得有些太密集了导致最后情绪有点破碎。其他都很好，比［大圣］好，可能是这几年最好的国产动画，李靖太可以了吧。,推荐,2019-07-27
142,花盆, ,"大型神话人物同人电影。没有了“削肉还父，剔骨还母”的情节，哪吒这个人物形象的精神内核就没有了。他本身可以算是一个悲剧形象，承载了对父权社会的反抗，改后只保有对他人偏见的反抗，而且哪吒悲壮赴死本来是“虽然你们都讨厌我但我一人做事一人当不拖累你们”，现在成了“我爸原来这么爱我我不能让他替我死”，中二倔强少年成了良心发现的孝顺儿子，还算是哪吒吗？

整体完成效果比较好，结尾有些烂尾（比如村民怎么突然就意识到自己的错误了）。最让我意难平的是大圣归来后我等了三年，结果等来的还是一个“大圣”。",还行,2019-07-20
143,寒枝雀静,上海,C＋/ ①相比被盛赞的剧本，反倒是视觉形象的建构比较出乎我意料：莲-火-毽子（鳞片）-红莲的意象联结贯穿了全片，自细微琐屑至宏大奇观完成了完整回环而又颇具想象力的体系。②剧本其实有点过于依赖“孩童”人设，一方面助益了影片暗黑而又诙谐的混搭基调，另一方面也遮蔽了部分剧作上的仓促甚至让人物的成长显得不够充分（比如，“控制”的习得只是如此简单的事情吗？）。③导演对叙事时间的理解可能有些粗糙，连高潮戏一条线到一半时间停顿切到另一条线这样破坏节奏的小瑕疵都好几处。④至于大量不合时宜的笑料，让它们融入叙事的办法只有一个，就是添加让这些“异类”同样受到压抑的细节，而不是大大落落地丢包袱。,推荐,2019-07-18
144,Paco,北京,3.5。真纯粹。虽然文本完全不是想象中的高级向，但“不认命”这个基本点在情绪释放上真是合理又张扬，放低一秒防线眼眶就红了。技术上丰富度、流畅度双高，也基本跟得上想象力，但质感依旧有欠；剧本前松后紧，在节奏和笑点设置上都有刻意之处，但整体已相当圆熟，多主题驾驭得当，去二元化也成效显著，对神话元素更深入更有机的结合野心已然初俱，完全超越《大圣归来》没任何疑问。作为后起，如果能把投机又扭捏的《银河补习班》狠狠爆掉，那也算这个暑期档唯一能给的安慰了。,还行,2019-07-18
145,欢乐分裂,上海,3.5；较多低幼欢脱段子集合的表象并不能掩盖其悲剧的本质，越往后越动人，在改编原著的基础上，文本大刀阔斧地改变走向，奉献了一个在（国产）动画中难得一见具有邪气的魅力角色（取下乾坤圈，变身一刻堪称全片高光，碾压帅气敖丙）。善与恶，水与火，在充满偏见定论的二元世界，这两个承载了命运错弄的少年，最终以“我不信命”的信念发出天问，完满开启「封神」宇宙，十分期待了。申公豹和龙族的命运也非常具有意味深长的寓意，并为丰富主题的完成提供富含信息量的支线提供。,推荐,2019-07-19
146,西帕克,上海,哪吒的削骨还父，削肉还母，被简化成父爱让他找到自我。原本故事中的反抗父权，也成了对抗世人的眼光。他的魔性可能像是科学怪人把小女孩扔入水中，只是因为对事物认知的体系不同。甚至屠龙的原罪也被略过，成了又一部“绝代双骄”。这样的叛逆更加通俗也更加安全，也是另一种时代精神吧。,推荐,2019-07-17
147,后自愈,北京,中国动画缺的不是技术，是故事，和讲好故事的能力。在故事的完成度之余，还有一定的深度。最难能可贵的是，哪吒是个反传统的英雄，他天生反骨叛逆又肩负重任，他是不被认同的异类，在戏谑的打发愁苦之后，迎来最终的爆发，切切实实的感动。李靖也一直教育儿子哪吒，不要在意他人的眼光，要做自己想做的人，不要轻言放弃，包括在生日宴上对儿子说的一番话，一个不善言辞却一直包容理解儿子的父亲形象就油然而生了。要说教育和父子情，吊打隔壁《银河补习班》。,推荐,2019-07-18
148,DR邬梦雨,上海,"前半段略无聊的笑点太用力咯吱观众，远逊于后半段哪吒天生悲情的催泪作用让人触动
人物设计上主要人物还算有趣，但次要角色非常呆板
配乐有各种影子，特别是《终结者》
表演程式化，哪吒从咬母亲的手到温顺的变化，对比《风之谷》小动物咬伤娜乌西卡的段落差距巨大
小朋友设陷阱和回放段落重复动作显得乏味；影片过度迷恋动作戏，想靠密集的快速打斗提高影片节奏，反而将情节停滞。
对愚民的讽刺一开始似乎很有意思，但后面百姓接受哪吒的场景太一致没有任何迟疑，让歉意显得虚假也把前面对庸众的批判消解了。
但总的来说，本片是一部合格的娱乐爆米花电影。只是79年的哪吒闹海可不只是这么简单的作品，那是对十年浩劫的控诉，哪吒替天行道粉碎四条兴风作浪的龙，却还要自刎将血肉还给父辈，不连累父辈。那种大时代的悲剧能量，是核弹级的。",还行,2019-07-14
149,吉尔伽美什, ,"说烂片预订那大叔，动漫非得拍给小孩看？你不接受设定别代表大家，还有哪吒啥货色但绝不是你想的那种设定，好好多读书，再回去好好琢磨下封神。
观后:吹爆这片，今年最佳国漫。",力荐,2019-07-19
150,扭腰客,上海,技术上确实是国产动画新高度，但故事依然如那颗混元珠一样，魔丸和灵丸厮杀交错，始终未能浑然一体。回望《哪吒闹海》，还是老一辈动画人把握住了悲剧的精髓。不必硬蹭什么港式无厘头或美式皮克斯，因为哪吒本身就催人泪下。,还行,2019-07-26
151,谢飞导演,北京,中国的封神奇幻故事是未来商业娱乐电影的大宝藏，这还只是个小开头！祝贺这位年轻的新编导。,推荐,2019-08-29
152,走走走,"Ulan Bator, Mongolia",两分全给技术，在内容上，无法接受父慈子孝的哪吒。,较差,2019-07-21
153,把噗,北京,徐克+周星驰，精准复刻。,推荐,2019-07-26
154,芦哲峰,辽宁沈阳,脱离原著看，可以给四星，国漫的进步显而易见。但如果对比原著看，一星都不想给，《封神演义》在古典名著中并不突出，但反抗父权的哪吒却是中国古典文学里最出色的人物形象之一，与反抗君权的孙悟空、反抗科举的杜少卿、贾宝玉一道成为最有反抗精神，最神采奕奕的人物，结果却被刻画成符合社会主义和谐价值观的父慈子孝，让人呕吐。看完这个熊孩子长成孝子版的丑哪吒，还是让我们来回顾一下真正的哪吒吧：一个人在海边嬉戏，打死蛮横无理的夜叉和太子，闯下祸来。怕受连累的父亲，要杀他以绝后患。他割肉还母，剔骨还父，自刎而死。后来又起死回生，取荷藕做骨，荷叶做肉，与父亲刀剑相向，大打出手。——记住，这个牛逼到金光闪闪的人物才叫哪吒。,较差,2019-09-03
155,西楼尘,江苏苏州,李靖为哪吒贴上换命符，愿以薄命相抵天劫。龙王为敖丙披上万麟甲，欲以仇恨水淹陈塘。魔丸改变不了人族的偏见，灵珠拯救不了龙族的自由，黄金百战穿麟甲，不破陈塘终不还。海滩边他们惺惺相惜，混元珠转世投胎，不过是天神的谎言。生而背负部族业障，万千恶孽，他们始终囚禁在偏见的囹圄，自由的结界。,还行,2019-08-01
156,shininglove,北京,被主流归化，向父权低头，年轻人在动画片里找到了发泄戾气的机会，莫名的愤怒，无声的呐喊，被冠以做自己的名义。,还行,2019-08-03
157,年少成名秃头驴,Christmas Islands,用周星驰的元素做中国式的幻想喜剧3DCG动画电影，这样的模板，确实是个可复刻的方向……,推荐,2019-07-17
158,蒲末释,北京,台词为了搞笑，所以要屎屁尿。故事为了完整，二元对立，善恶不分一锅炖。主题为了鲜明，直接来一个反转告诉大家：熊孩子只要碰到一个比他更惨的人，他就能马上吼出：我命由我不由天。这不是踩着别人的伤痛，把做的恶全都掩盖。再来还原事情的起因：爸爸和我踢一次毽子。,较差,2019-07-23
159,谋杀游戏机,北京,光线点映。冷不防看第一支预告确实有点挑战审美，不过看完就会完全爱上这个古灵精怪的混世小魔王，是当下流行的丧燃款。外表邪魅狂狷烟熏妆，内心是个单纯善良的小孩，好面子装酷很可爱。饺子是学医的，一点点自学成动画导演，了不起。制片人说这片并没有花很多钱，请不起一流特效公司，就找了一堆二流三流小公司磕了好几年。画面比大圣精细，前半段笑点密集，哪吒无敌破坏王状态、四个人追逐打斗长镜头很精彩，密码指纹解锁、坐骑放映机猪、山河社稷图、指点江山笔、三维弹球有很想象力。父爱、母爱、师恩、和基友敖丙亦敌亦友等人物关系也都刻画得比较充分。哪吒要拍成三部曲，明年还有姜子牙，非常期待上古版复联了！,推荐,2019-07-13
